{
  "id" : "Transmission_d",
  "stations" : [ {
    "id" : "Station_1",
    "nbChannels" : 8
  }, {
    "id" : "Station_2",
    "nbChannels" : 5
  }, {
    "id" : "Station_3",
    "nbChannels" : 7
  }, {
    "id" : "Station_4",
    "nbChannels" : 5
  }, {
    "id" : "Station_5",
    "nbChannels" : 7
  }, {
    "id" : "Station_6",
    "nbChannels" : 3
  }, {
    "id" : "Station_7",
    "nbChannels" : 5
  }, {
    "id" : "Station_8",
    "nbChannels" : 4
  }, {
    "id" : "Station_9",
    "nbChannels" : 9
  }, {
    "id" : "Station_10",
    "nbChannels" : 5
  } ],
  "satellites" : [ {
    "id" : "Satellite_1",
    "nbTransmissionChannels" : 4,
    "files" : [ {
      "id" : "File_0",
      "size" : 224,
      "releaseDateTime" : [ 2023, 2, 8, 15, 3 ],
      "predecessors" : [ ]
    }, {
      "id" : "File_1",
      "size" : 47,
      "releaseDateTime" : [ 2023, 2, 8, 21, 7 ],
      "predecessors" : [ ]
    }, {
      "id" : "File_2",
      "size" : 152,
      "releaseDateTime" : [ 2023, 2, 8, 21, 47 ],
      "predecessors" : [ "File_0", "File_1" ]
    }, {
      "id" : "File_3",
      "size" : 160,
      "releaseDateTime" : [ 2023, 2, 8, 22, 6 ],
      "predecessors" : [ "File_0", "File_2" ]
    }, {
      "id" : "File_4",
      "size" : 3,
      "releaseDateTime" : [ 2023, 2, 8, 22, 13 ],
      "predecessors" : [ "File_1", "File_3" ]
    }, {
      "id" : "File_5",
      "size" : 82,
      "releaseDateTime" : [ 2023, 2, 8, 22, 51 ],
      "predecessors" : [ "File_4" ]
    }, {
      "id" : "File_6",
      "size" : 192,
      "releaseDateTime" : [ 2023, 2, 8, 12, 48 ],
      "predecessors" : [ ]
    }, {
      "id" : "File_7",
      "size" : 23,
      "releaseDateTime" : [ 2023, 2, 8, 22, 35 ],
      "predecessors" : [ "File_0", "File_2" ]
    } ],
    "transmissionWindows" : [ {
      "satelliteId" : "Satellite_1",
      "stationId" : "Station_4",
      "start" : [ 2023, 2, 8, 17, 31 ],
      "end" : [ 2023, 2, 8, 21, 9 ]
    }, {
      "satelliteId" : "Satellite_1",
      "stationId" : "Station_6",
      "start" : [ 2023, 2, 8, 17, 58 ],
      "end" : [ 2023, 2, 8, 20, 16 ]
    }, {
      "satelliteId" : "Satellite_1",
      "stationId" : "Station_9",
      "start" : [ 2023, 2, 8, 9, 38 ],
      "end" : [ 2023, 2, 8, 13, 30 ]
    }, {
      "satelliteId" : "Satellite_1",
      "stationId" : "Station_10",
      "start" : [ 2023, 2, 8, 0, 17 ],
      "end" : [ 2023, 2, 8, 2, 28 ]
    } ]
  }, {
    "id" : "Satellite_2",
    "nbTransmissionChannels" : 7,
    "files" : [ {
      "id" : "File_8",
      "size" : 201,
      "releaseDateTime" : [ 2023, 2, 8, 3, 56 ],
      "predecessors" : [ ]
    }, {
      "id" : "File_9",
      "size" : 241,
      "releaseDateTime" : [ 2023, 2, 8, 6, 51 ],
      "predecessors" : [ "File_8" ]
    }, {
      "id" : "File_10",
      "size" : 123,
      "releaseDateTime" : [ 2023, 2, 8, 5, 57 ],
      "predecessors" : [ ]
    } ],
    "transmissionWindows" : [ {
      "satelliteId" : "Satellite_2",
      "stationId" : "Station_1",
      "start" : [ 2023, 2, 8, 13, 42 ],
      "end" : [ 2023, 2, 8, 16, 27 ]
    }, {
      "satelliteId" : "Satellite_2",
      "stationId" : "Station_4",
      "start" : [ 2023, 2, 8, 8, 51 ],
      "end" : [ 2023, 2, 8, 11, 47 ]
    }, {
      "satelliteId" : "Satellite_2",
      "stationId" : "Station_5",
      "start" : [ 2023, 2, 8, 12, 45 ],
      "end" : [ 2023, 2, 8, 15, 44 ]
    }, {
      "satelliteId" : "Satellite_2",
      "stationId" : "Station_6",
      "start" : [ 2023, 2, 8, 10, 53 ],
      "end" : [ 2023, 2, 8, 15, 20 ]
    }, {
      "satelliteId" : "Satellite_2",
      "stationId" : "Station_7",
      "start" : [ 2023, 2, 8, 7, 7 ],
      "end" : [ 2023, 2, 8, 9, 58 ]
    }, {
      "satelliteId" : "Satellite_2",
      "stationId" : "Station_9",
      "start" : [ 2023, 2, 8, 14, 57 ],
      "end" : [ 2023, 2, 8, 18, 45 ]
    }, {
      "satelliteId" : "Satellite_2",
      "stationId" : "Station_10",
      "start" : [ 2023, 2, 8, 16, 43 ],
      "end" : [ 2023, 2, 8, 20, 53 ]
    } ]
  }, {
    "id" : "Satellite_3",
    "nbTransmissionChannels" : 2,
    "files" : [ {
      "id" : "File_11",
      "size" : 265,
      "releaseDateTime" : [ 2023, 2, 8, 3, 42 ],
      "predecessors" : [ ]
    }, {
      "id" : "File_12",
      "size" : 286,
      "releaseDateTime" : [ 2023, 2, 8, 18, 1 ],
      "predecessors" : [ ]
    }, {
      "id" : "File_13",
      "size" : 104,
      "releaseDateTime" : [ 2023, 2, 8, 20, 45 ],
      "predecessors" : [ "File_12" ]
    }, {
      "id" : "File_14",
      "size" : 184,
      "releaseDateTime" : [ 2023, 2, 8, 5, 21 ],
      "predecessors" : [ ]
    }, {
      "id" : "File_15",
      "size" : 62,
      "releaseDateTime" : [ 2023, 2, 8, 23, 43 ],
      "predecessors" : [ "File_13" ]
    }, {
      "id" : "File_16",
      "size" : 292,
      "releaseDateTime" : [ 2023, 2, 8, 23, 49 ],
      "predecessors" : [ "File_14", "File_15" ]
    }, {
      "id" : "File_17",
      "size" : 150,
      "releaseDateTime" : [ 2023, 2, 8, 17, 28 ],
      "predecessors" : [ "File_11" ]
    }, {
      "id" : "File_18",
      "size" : 228,
      "releaseDateTime" : [ 2023, 2, 8, 23, 48 ],
      "predecessors" : [ "File_11", "File_15" ]
    }, {
      "id" : "File_19",
      "size" : 53,
      "releaseDateTime" : [ 2023, 2, 8, 20, 21 ],
      "predecessors" : [ "File_14", "File_17" ]
    }, {
      "id" : "File_20",
      "size" : 249,
      "releaseDateTime" : [ 2023, 2, 8, 23, 51 ],
      "predecessors" : [ "File_11", "File_12", "File_16", "File_17" ]
    } ],
    "transmissionWindows" : [ {
      "satelliteId" : "Satellite_3",
      "stationId" : "Station_1",
      "start" : [ 2023, 2, 8, 0, 20 ],
      "end" : [ 2023, 2, 8, 3, 33 ]
    }, {
      "satelliteId" : "Satellite_3",
      "stationId" : "Station_3",
      "start" : [ 2023, 2, 8, 5, 12 ],
      "end" : [ 2023, 2, 8, 10, 7 ]
    }, {
      "satelliteId" : "Satellite_3",
      "stationId" : "Station_5",
      "start" : [ 2023, 2, 8, 14, 13 ],
      "end" : [ 2023, 2, 8, 18, 24 ]
    }, {
      "satelliteId" : "Satellite_3",
      "stationId" : "Station_7",
      "start" : [ 2023, 2, 8, 11, 13 ],
      "end" : [ 2023, 2, 8, 14, 15 ]
    }, {
      "satelliteId" : "Satellite_3",
      "stationId" : "Station_9",
      "start" : [ 2023, 2, 8, 4, 20 ],
      "end" : [ 2023, 2, 8, 8, 54 ]
    } ]
  } ]
}