{
  "id" : "Transmission_g",
  "stations" : [ {
    "id" : "Station_1",
    "nbChannels" : 8
  }, {
    "id" : "Station_2",
    "nbChannels" : 5
  }, {
    "id" : "Station_3",
    "nbChannels" : 7
  }, {
    "id" : "Station_4",
    "nbChannels" : 5
  }, {
    "id" : "Station_5",
    "nbChannels" : 7
  }, {
    "id" : "Station_6",
    "nbChannels" : 3
  }, {
    "id" : "Station_7",
    "nbChannels" : 5
  }, {
    "id" : "Station_8",
    "nbChannels" : 4
  }, {
    "id" : "Station_9",
    "nbChannels" : 9
  }, {
    "id" : "Station_10",
    "nbChannels" : 5
  }, {
    "id" : "Station_11",
    "nbChannels" : 4
  }, {
    "id" : "Station_12",
    "nbChannels" : 5
  }, {
    "id" : "Station_13",
    "nbChannels" : 3
  }, {
    "id" : "Station_14",
    "nbChannels" : 5
  }, {
    "id" : "Station_15",
    "nbChannels" : 7
  }, {
    "id" : "Station_16",
    "nbChannels" : 3
  }, {
    "id" : "Station_17",
    "nbChannels" : 6
  }, {
    "id" : "Station_18",
    "nbChannels" : 3
  }, {
    "id" : "Station_19",
    "nbChannels" : 9
  }, {
    "id" : "Station_20",
    "nbChannels" : 3
  }, {
    "id" : "Station_21",
    "nbChannels" : 4
  }, {
    "id" : "Station_22",
    "nbChannels" : 6
  }, {
    "id" : "Station_23",
    "nbChannels" : 6
  }, {
    "id" : "Station_24",
    "nbChannels" : 7
  }, {
    "id" : "Station_25",
    "nbChannels" : 5
  }, {
    "id" : "Station_26",
    "nbChannels" : 5
  }, {
    "id" : "Station_27",
    "nbChannels" : 9
  }, {
    "id" : "Station_28",
    "nbChannels" : 8
  }, {
    "id" : "Station_29",
    "nbChannels" : 5
  }, {
    "id" : "Station_30",
    "nbChannels" : 9
  } ],
  "satellites" : [ {
    "id" : "Satellite_1",
    "nbTransmissionChannels" : 8,
    "files" : [ {
      "id" : "File_0",
      "size" : 205,
      "releaseDateTime" : [ 2023, 2, 8, 12, 45 ],
      "predecessors" : [ ]
    }, {
      "id" : "File_1",
      "size" : 258,
      "releaseDateTime" : [ 2023, 2, 8, 23, 6 ],
      "predecessors" : [ "File_0" ]
    }, {
      "id" : "File_2",
      "size" : 108,
      "releaseDateTime" : [ 2023, 2, 8, 23, 26 ],
      "predecessors" : [ "File_1" ]
    }, {
      "id" : "File_3",
      "size" : 117,
      "releaseDateTime" : [ 2023, 2, 8, 23, 15 ],
      "predecessors" : [ "File_0", "File_1" ]
    }, {
      "id" : "File_4",
      "size" : 151,
      "releaseDateTime" : [ 2023, 2, 8, 23, 29 ],
      "predecessors" : [ "File_1", "File_3" ]
    }, {
      "id" : "File_5",
      "size" : 218,
      "releaseDateTime" : [ 2023, 2, 8, 23, 38 ],
      "predecessors" : [ "File_3" ]
    }, {
      "id" : "File_6",
      "size" : 58,
      "releaseDateTime" : [ 2023, 2, 8, 23, 27 ],
      "predecessors" : [ "File_0", "File_3" ]
    }, {
      "id" : "File_7",
      "size" : 18,
      "releaseDateTime" : [ 2023, 2, 8, 23, 55 ],
      "predecessors" : [ "File_2" ]
    } ],
    "transmissionWindows" : [ {
      "satelliteId" : "Satellite_1",
      "stationId" : "Station_1",
      "start" : [ 2023, 2, 8, 18, 51 ],
      "end" : [ 2023, 2, 8, 23, 48 ]
    }, {
      "satelliteId" : "Satellite_1",
      "stationId" : "Station_2",
      "start" : [ 2023, 2, 8, 22, 48 ],
      "end" : [ 2023, 2, 9, 2, 31 ]
    }, {
      "satelliteId" : "Satellite_1",
      "stationId" : "Station_3",
      "start" : [ 2023, 2, 8, 2, 10 ],
      "end" : [ 2023, 2, 8, 5, 15 ]
    }, {
      "satelliteId" : "Satellite_1",
      "stationId" : "Station_5",
      "start" : [ 2023, 2, 8, 10, 58 ],
      "end" : [ 2023, 2, 8, 13, 59 ]
    }, {
      "satelliteId" : "Satellite_1",
      "stationId" : "Station_6",
      "start" : [ 2023, 2, 8, 18, 37 ],
      "end" : [ 2023, 2, 8, 22, 14 ]
    }, {
      "satelliteId" : "Satellite_1",
      "stationId" : "Station_7",
      "start" : [ 2023, 2, 8, 18, 6 ],
      "end" : [ 2023, 2, 8, 20, 7 ]
    }, {
      "satelliteId" : "Satellite_1",
      "stationId" : "Station_8",
      "start" : [ 2023, 2, 8, 3, 30 ],
      "end" : [ 2023, 2, 8, 6, 21 ]
    }, {
      "satelliteId" : "Satellite_1",
      "stationId" : "Station_9",
      "start" : [ 2023, 2, 8, 3, 51 ],
      "end" : [ 2023, 2, 8, 7, 5 ]
    }, {
      "satelliteId" : "Satellite_1",
      "stationId" : "Station_10",
      "start" : [ 2023, 2, 8, 0, 50 ],
      "end" : [ 2023, 2, 8, 5, 15 ]
    }, {
      "satelliteId" : "Satellite_1",
      "stationId" : "Station_11",
      "start" : [ 2023, 2, 8, 17, 46 ],
      "end" : [ 2023, 2, 8, 21, 30 ]
    }, {
      "satelliteId" : "Satellite_1",
      "stationId" : "Station_13",
      "start" : [ 2023, 2, 8, 9, 4 ],
      "end" : [ 2023, 2, 8, 13, 6 ]
    }, {
      "satelliteId" : "Satellite_1",
      "stationId" : "Station_14",
      "start" : [ 2023, 2, 8, 7, 52 ],
      "end" : [ 2023, 2, 8, 10, 22 ]
    }, {
      "satelliteId" : "Satellite_1",
      "stationId" : "Station_18",
      "start" : [ 2023, 2, 8, 13, 48 ],
      "end" : [ 2023, 2, 8, 17, 41 ]
    }, {
      "satelliteId" : "Satellite_1",
      "stationId" : "Station_19",
      "start" : [ 2023, 2, 8, 12, 9 ],
      "end" : [ 2023, 2, 8, 14, 14 ]
    }, {
      "satelliteId" : "Satellite_1",
      "stationId" : "Station_20",
      "start" : [ 2023, 2, 8, 9, 1 ],
      "end" : [ 2023, 2, 8, 13, 11 ]
    }, {
      "satelliteId" : "Satellite_1",
      "stationId" : "Station_21",
      "start" : [ 2023, 2, 8, 14, 5 ],
      "end" : [ 2023, 2, 8, 18, 7 ]
    }, {
      "satelliteId" : "Satellite_1",
      "stationId" : "Station_23",
      "start" : [ 2023, 2, 8, 1, 34 ],
      "end" : [ 2023, 2, 8, 5, 13 ]
    }, {
      "satelliteId" : "Satellite_1",
      "stationId" : "Station_24",
      "start" : [ 2023, 2, 8, 22, 37 ],
      "end" : [ 2023, 2, 9, 0, 48 ]
    }, {
      "satelliteId" : "Satellite_1",
      "stationId" : "Station_25",
      "start" : [ 2023, 2, 8, 23, 11 ],
      "end" : [ 2023, 2, 9, 2, 34 ]
    }, {
      "satelliteId" : "Satellite_1",
      "stationId" : "Station_26",
      "start" : [ 2023, 2, 8, 21, 37 ],
      "end" : [ 2023, 2, 9, 2, 35 ]
    }, {
      "satelliteId" : "Satellite_1",
      "stationId" : "Station_27",
      "start" : [ 2023, 2, 8, 6, 36 ],
      "end" : [ 2023, 2, 8, 10, 47 ]
    }, {
      "satelliteId" : "Satellite_1",
      "stationId" : "Station_28",
      "start" : [ 2023, 2, 8, 6, 35 ],
      "end" : [ 2023, 2, 8, 10, 16 ]
    }, {
      "satelliteId" : "Satellite_1",
      "stationId" : "Station_29",
      "start" : [ 2023, 2, 8, 1, 46 ],
      "end" : [ 2023, 2, 8, 4, 59 ]
    }, {
      "satelliteId" : "Satellite_1",
      "stationId" : "Station_30",
      "start" : [ 2023, 2, 8, 9, 53 ],
      "end" : [ 2023, 2, 8, 13, 10 ]
    } ]
  }, {
    "id" : "Satellite_2",
    "nbTransmissionChannels" : 1,
    "files" : [ {
      "id" : "File_8",
      "size" : 289,
      "releaseDateTime" : [ 2023, 2, 8, 14, 13 ],
      "predecessors" : [ ]
    }, {
      "id" : "File_9",
      "size" : 212,
      "releaseDateTime" : [ 2023, 2, 8, 23, 32 ],
      "predecessors" : [ "File_8" ]
    }, {
      "id" : "File_10",
      "size" : 260,
      "releaseDateTime" : [ 2023, 2, 8, 11, 13 ],
      "predecessors" : [ ]
    } ],
    "transmissionWindows" : [ {
      "satelliteId" : "Satellite_2",
      "stationId" : "Station_1",
      "start" : [ 2023, 2, 8, 16, 2 ],
      "end" : [ 2023, 2, 8, 19, 22 ]
    }, {
      "satelliteId" : "Satellite_2",
      "stationId" : "Station_3",
      "start" : [ 2023, 2, 8, 8, 34 ],
      "end" : [ 2023, 2, 8, 12, 28 ]
    }, {
      "satelliteId" : "Satellite_2",
      "stationId" : "Station_4",
      "start" : [ 2023, 2, 8, 18, 58 ],
      "end" : [ 2023, 2, 8, 23, 53 ]
    }, {
      "satelliteId" : "Satellite_2",
      "stationId" : "Station_5",
      "start" : [ 2023, 2, 8, 15, 2 ],
      "end" : [ 2023, 2, 8, 18, 11 ]
    }, {
      "satelliteId" : "Satellite_2",
      "stationId" : "Station_7",
      "start" : [ 2023, 2, 8, 19, 8 ],
      "end" : [ 2023, 2, 8, 23, 26 ]
    }, {
      "satelliteId" : "Satellite_2",
      "stationId" : "Station_8",
      "start" : [ 2023, 2, 8, 7, 30 ],
      "end" : [ 2023, 2, 8, 11, 50 ]
    }, {
      "satelliteId" : "Satellite_2",
      "stationId" : "Station_9",
      "start" : [ 2023, 2, 8, 17, 16 ],
      "end" : [ 2023, 2, 8, 21, 9 ]
    }, {
      "satelliteId" : "Satellite_2",
      "stationId" : "Station_10",
      "start" : [ 2023, 2, 8, 11, 22 ],
      "end" : [ 2023, 2, 8, 14, 16 ]
    }, {
      "satelliteId" : "Satellite_2",
      "stationId" : "Station_11",
      "start" : [ 2023, 2, 8, 22, 14 ],
      "end" : [ 2023, 2, 9, 2, 56 ]
    }, {
      "satelliteId" : "Satellite_2",
      "stationId" : "Station_13",
      "start" : [ 2023, 2, 8, 2, 48 ],
      "end" : [ 2023, 2, 8, 4, 57 ]
    }, {
      "satelliteId" : "Satellite_2",
      "stationId" : "Station_15",
      "start" : [ 2023, 2, 8, 11, 2 ],
      "end" : [ 2023, 2, 8, 13, 41 ]
    }, {
      "satelliteId" : "Satellite_2",
      "stationId" : "Station_16",
      "start" : [ 2023, 2, 8, 20, 34 ],
      "end" : [ 2023, 2, 9, 1, 29 ]
    }, {
      "satelliteId" : "Satellite_2",
      "stationId" : "Station_18",
      "start" : [ 2023, 2, 8, 12, 50 ],
      "end" : [ 2023, 2, 8, 15, 3 ]
    }, {
      "satelliteId" : "Satellite_2",
      "stationId" : "Station_20",
      "start" : [ 2023, 2, 8, 20, 20 ],
      "end" : [ 2023, 2, 8, 23, 57 ]
    }, {
      "satelliteId" : "Satellite_2",
      "stationId" : "Station_21",
      "start" : [ 2023, 2, 8, 7, 10 ],
      "end" : [ 2023, 2, 8, 9, 42 ]
    }, {
      "satelliteId" : "Satellite_2",
      "stationId" : "Station_22",
      "start" : [ 2023, 2, 8, 19, 12 ],
      "end" : [ 2023, 2, 8, 22, 22 ]
    }, {
      "satelliteId" : "Satellite_2",
      "stationId" : "Station_23",
      "start" : [ 2023, 2, 8, 2, 3 ],
      "end" : [ 2023, 2, 8, 4, 37 ]
    }, {
      "satelliteId" : "Satellite_2",
      "stationId" : "Station_25",
      "start" : [ 2023, 2, 8, 17, 2 ],
      "end" : [ 2023, 2, 8, 21, 22 ]
    }, {
      "satelliteId" : "Satellite_2",
      "stationId" : "Station_30",
      "start" : [ 2023, 2, 8, 20, 46 ],
      "end" : [ 2023, 2, 9, 0, 58 ]
    } ]
  }, {
    "id" : "Satellite_3",
    "nbTransmissionChannels" : 6,
    "files" : [ {
      "id" : "File_11",
      "size" : 253,
      "releaseDateTime" : [ 2023, 2, 8, 4, 44 ],
      "predecessors" : [ ]
    }, {
      "id" : "File_12",
      "size" : 223,
      "releaseDateTime" : [ 2023, 2, 8, 11, 35 ],
      "predecessors" : [ ]
    }, {
      "id" : "File_13",
      "size" : 192,
      "releaseDateTime" : [ 2023, 2, 8, 23, 26 ],
      "predecessors" : [ ]
    } ],
    "transmissionWindows" : [ {
      "satelliteId" : "Satellite_3",
      "stationId" : "Station_1",
      "start" : [ 2023, 2, 8, 5, 31 ],
      "end" : [ 2023, 2, 8, 8, 48 ]
    }, {
      "satelliteId" : "Satellite_3",
      "stationId" : "Station_2",
      "start" : [ 2023, 2, 8, 5, 4 ],
      "end" : [ 2023, 2, 8, 8, 21 ]
    }, {
      "satelliteId" : "Satellite_3",
      "stationId" : "Station_3",
      "start" : [ 2023, 2, 8, 15, 57 ],
      "end" : [ 2023, 2, 8, 18, 31 ]
    }, {
      "satelliteId" : "Satellite_3",
      "stationId" : "Station_5",
      "start" : [ 2023, 2, 8, 18, 39 ],
      "end" : [ 2023, 2, 8, 23, 21 ]
    }, {
      "satelliteId" : "Satellite_3",
      "stationId" : "Station_7",
      "start" : [ 2023, 2, 8, 0, 40 ],
      "end" : [ 2023, 2, 8, 3, 38 ]
    }, {
      "satelliteId" : "Satellite_3",
      "stationId" : "Station_8",
      "start" : [ 2023, 2, 8, 12, 45 ],
      "end" : [ 2023, 2, 8, 16, 37 ]
    }, {
      "satelliteId" : "Satellite_3",
      "stationId" : "Station_9",
      "start" : [ 2023, 2, 8, 6, 11 ],
      "end" : [ 2023, 2, 8, 9, 51 ]
    }, {
      "satelliteId" : "Satellite_3",
      "stationId" : "Station_11",
      "start" : [ 2023, 2, 8, 4, 26 ],
      "end" : [ 2023, 2, 8, 7, 44 ]
    }, {
      "satelliteId" : "Satellite_3",
      "stationId" : "Station_12",
      "start" : [ 2023, 2, 8, 5, 39 ],
      "end" : [ 2023, 2, 8, 8, 50 ]
    }, {
      "satelliteId" : "Satellite_3",
      "stationId" : "Station_13",
      "start" : [ 2023, 2, 8, 15, 6 ],
      "end" : [ 2023, 2, 8, 18, 18 ]
    }, {
      "satelliteId" : "Satellite_3",
      "stationId" : "Station_15",
      "start" : [ 2023, 2, 8, 5, 25 ],
      "end" : [ 2023, 2, 8, 8, 9 ]
    }, {
      "satelliteId" : "Satellite_3",
      "stationId" : "Station_16",
      "start" : [ 2023, 2, 8, 4, 57 ],
      "end" : [ 2023, 2, 8, 7, 13 ]
    }, {
      "satelliteId" : "Satellite_3",
      "stationId" : "Station_17",
      "start" : [ 2023, 2, 8, 13, 43 ],
      "end" : [ 2023, 2, 8, 16, 5 ]
    }, {
      "satelliteId" : "Satellite_3",
      "stationId" : "Station_19",
      "start" : [ 2023, 2, 8, 6, 55 ],
      "end" : [ 2023, 2, 8, 9, 37 ]
    }, {
      "satelliteId" : "Satellite_3",
      "stationId" : "Station_21",
      "start" : [ 2023, 2, 8, 18, 8 ],
      "end" : [ 2023, 2, 8, 20, 49 ]
    }, {
      "satelliteId" : "Satellite_3",
      "stationId" : "Station_22",
      "start" : [ 2023, 2, 8, 15, 11 ],
      "end" : [ 2023, 2, 8, 19, 27 ]
    }, {
      "satelliteId" : "Satellite_3",
      "stationId" : "Station_24",
      "start" : [ 2023, 2, 8, 7, 12 ],
      "end" : [ 2023, 2, 8, 11, 55 ]
    }, {
      "satelliteId" : "Satellite_3",
      "stationId" : "Station_25",
      "start" : [ 2023, 2, 8, 14, 33 ],
      "end" : [ 2023, 2, 8, 18, 51 ]
    }, {
      "satelliteId" : "Satellite_3",
      "stationId" : "Station_27",
      "start" : [ 2023, 2, 8, 15, 30 ],
      "end" : [ 2023, 2, 8, 18, 58 ]
    }, {
      "satelliteId" : "Satellite_3",
      "stationId" : "Station_28",
      "start" : [ 2023, 2, 8, 11, 59 ],
      "end" : [ 2023, 2, 8, 15, 17 ]
    }, {
      "satelliteId" : "Satellite_3",
      "stationId" : "Station_29",
      "start" : [ 2023, 2, 8, 23, 11 ],
      "end" : [ 2023, 2, 9, 1, 11 ]
    }, {
      "satelliteId" : "Satellite_3",
      "stationId" : "Station_30",
      "start" : [ 2023, 2, 8, 18, 29 ],
      "end" : [ 2023, 2, 8, 23, 26 ]
    } ]
  }, {
    "id" : "Satellite_4",
    "nbTransmissionChannels" : 8,
    "files" : [ {
      "id" : "File_14",
      "size" : 256,
      "releaseDateTime" : [ 2023, 2, 8, 20, 27 ],
      "predecessors" : [ ]
    }, {
      "id" : "File_15",
      "size" : 198,
      "releaseDateTime" : [ 2023, 2, 8, 0, 54 ],
      "predecessors" : [ ]
    } ],
    "transmissionWindows" : [ {
      "satelliteId" : "Satellite_4",
      "stationId" : "Station_1",
      "start" : [ 2023, 2, 8, 15, 49 ],
      "end" : [ 2023, 2, 8, 20, 11 ]
    }, {
      "satelliteId" : "Satellite_4",
      "stationId" : "Station_2",
      "start" : [ 2023, 2, 8, 3, 2 ],
      "end" : [ 2023, 2, 8, 6, 39 ]
    }, {
      "satelliteId" : "Satellite_4",
      "stationId" : "Station_3",
      "start" : [ 2023, 2, 8, 23, 33 ],
      "end" : [ 2023, 2, 9, 2, 51 ]
    }, {
      "satelliteId" : "Satellite_4",
      "stationId" : "Station_6",
      "start" : [ 2023, 2, 8, 8, 52 ],
      "end" : [ 2023, 2, 8, 11, 31 ]
    }, {
      "satelliteId" : "Satellite_4",
      "stationId" : "Station_8",
      "start" : [ 2023, 2, 8, 12, 10 ],
      "end" : [ 2023, 2, 8, 16, 26 ]
    }, {
      "satelliteId" : "Satellite_4",
      "stationId" : "Station_10",
      "start" : [ 2023, 2, 8, 1, 0 ],
      "end" : [ 2023, 2, 8, 3, 33 ]
    }, {
      "satelliteId" : "Satellite_4",
      "stationId" : "Station_11",
      "start" : [ 2023, 2, 8, 6, 34 ],
      "end" : [ 2023, 2, 8, 9, 3 ]
    }, {
      "satelliteId" : "Satellite_4",
      "stationId" : "Station_12",
      "start" : [ 2023, 2, 8, 4, 18 ],
      "end" : [ 2023, 2, 8, 8, 55 ]
    }, {
      "satelliteId" : "Satellite_4",
      "stationId" : "Station_13",
      "start" : [ 2023, 2, 8, 21, 12 ],
      "end" : [ 2023, 2, 9, 0, 48 ]
    }, {
      "satelliteId" : "Satellite_4",
      "stationId" : "Station_15",
      "start" : [ 2023, 2, 8, 22, 58 ],
      "end" : [ 2023, 2, 9, 1, 7 ]
    }, {
      "satelliteId" : "Satellite_4",
      "stationId" : "Station_16",
      "start" : [ 2023, 2, 8, 1, 26 ],
      "end" : [ 2023, 2, 8, 4, 12 ]
    }, {
      "satelliteId" : "Satellite_4",
      "stationId" : "Station_17",
      "start" : [ 2023, 2, 8, 6, 14 ],
      "end" : [ 2023, 2, 8, 10, 10 ]
    }, {
      "satelliteId" : "Satellite_4",
      "stationId" : "Station_18",
      "start" : [ 2023, 2, 8, 21, 0 ],
      "end" : [ 2023, 2, 9, 1, 3 ]
    }, {
      "satelliteId" : "Satellite_4",
      "stationId" : "Station_19",
      "start" : [ 2023, 2, 8, 23, 36 ],
      "end" : [ 2023, 2, 9, 4, 4 ]
    }, {
      "satelliteId" : "Satellite_4",
      "stationId" : "Station_20",
      "start" : [ 2023, 2, 8, 9, 21 ],
      "end" : [ 2023, 2, 8, 13, 56 ]
    }, {
      "satelliteId" : "Satellite_4",
      "stationId" : "Station_21",
      "start" : [ 2023, 2, 8, 13, 21 ],
      "end" : [ 2023, 2, 8, 15, 43 ]
    }, {
      "satelliteId" : "Satellite_4",
      "stationId" : "Station_23",
      "start" : [ 2023, 2, 8, 4, 6 ],
      "end" : [ 2023, 2, 8, 8, 4 ]
    }, {
      "satelliteId" : "Satellite_4",
      "stationId" : "Station_25",
      "start" : [ 2023, 2, 8, 5, 51 ],
      "end" : [ 2023, 2, 8, 9, 46 ]
    }, {
      "satelliteId" : "Satellite_4",
      "stationId" : "Station_26",
      "start" : [ 2023, 2, 8, 17, 6 ],
      "end" : [ 2023, 2, 8, 21, 28 ]
    }, {
      "satelliteId" : "Satellite_4",
      "stationId" : "Station_27",
      "start" : [ 2023, 2, 8, 6, 29 ],
      "end" : [ 2023, 2, 8, 11, 16 ]
    }, {
      "satelliteId" : "Satellite_4",
      "stationId" : "Station_28",
      "start" : [ 2023, 2, 8, 14, 48 ],
      "end" : [ 2023, 2, 8, 18, 39 ]
    } ]
  }, {
    "id" : "Satellite_5",
    "nbTransmissionChannels" : 3,
    "files" : [ {
      "id" : "File_16",
      "size" : 56,
      "releaseDateTime" : [ 2023, 2, 8, 22, 37 ],
      "predecessors" : [ ]
    }, {
      "id" : "File_17",
      "size" : 7,
      "releaseDateTime" : [ 2023, 2, 8, 14, 40 ],
      "predecessors" : [ ]
    }, {
      "id" : "File_18",
      "size" : 75,
      "releaseDateTime" : [ 2023, 2, 8, 22, 48 ],
      "predecessors" : [ "File_16" ]
    }, {
      "id" : "File_19",
      "size" : 23,
      "releaseDateTime" : [ 2023, 2, 8, 21, 24 ],
      "predecessors" : [ ]
    }, {
      "id" : "File_20",
      "size" : 235,
      "releaseDateTime" : [ 2023, 2, 8, 22, 36 ],
      "predecessors" : [ ]
    }, {
      "id" : "File_21",
      "size" : 102,
      "releaseDateTime" : [ 2023, 2, 8, 23, 15 ],
      "predecessors" : [ "File_17", "File_18", "File_19" ]
    }, {
      "id" : "File_22",
      "size" : 206,
      "releaseDateTime" : [ 2023, 2, 8, 23, 42 ],
      "predecessors" : [ "File_16", "File_17", "File_21" ]
    }, {
      "id" : "File_23",
      "size" : 3,
      "releaseDateTime" : [ 2023, 2, 8, 23, 38 ],
      "predecessors" : [ "File_18", "File_19" ]
    } ],
    "transmissionWindows" : [ {
      "satelliteId" : "Satellite_5",
      "stationId" : "Station_1",
      "start" : [ 2023, 2, 8, 3, 33 ],
      "end" : [ 2023, 2, 8, 7, 57 ]
    }, {
      "satelliteId" : "Satellite_5",
      "stationId" : "Station_2",
      "start" : [ 2023, 2, 8, 22, 37 ],
      "end" : [ 2023, 2, 9, 2, 4 ]
    }, {
      "satelliteId" : "Satellite_5",
      "stationId" : "Station_3",
      "start" : [ 2023, 2, 8, 10, 45 ],
      "end" : [ 2023, 2, 8, 14, 23 ]
    }, {
      "satelliteId" : "Satellite_5",
      "stationId" : "Station_4",
      "start" : [ 2023, 2, 8, 18, 6 ],
      "end" : [ 2023, 2, 8, 20, 19 ]
    }, {
      "satelliteId" : "Satellite_5",
      "stationId" : "Station_5",
      "start" : [ 2023, 2, 8, 7, 0 ],
      "end" : [ 2023, 2, 8, 10, 24 ]
    }, {
      "satelliteId" : "Satellite_5",
      "stationId" : "Station_8",
      "start" : [ 2023, 2, 8, 20, 21 ],
      "end" : [ 2023, 2, 9, 0, 17 ]
    }, {
      "satelliteId" : "Satellite_5",
      "stationId" : "Station_9",
      "start" : [ 2023, 2, 8, 3, 27 ],
      "end" : [ 2023, 2, 8, 7, 53 ]
    }, {
      "satelliteId" : "Satellite_5",
      "stationId" : "Station_11",
      "start" : [ 2023, 2, 8, 20, 10 ],
      "end" : [ 2023, 2, 9, 0, 37 ]
    }, {
      "satelliteId" : "Satellite_5",
      "stationId" : "Station_12",
      "start" : [ 2023, 2, 8, 5, 21 ],
      "end" : [ 2023, 2, 8, 7, 41 ]
    }, {
      "satelliteId" : "Satellite_5",
      "stationId" : "Station_13",
      "start" : [ 2023, 2, 8, 18, 15 ],
      "end" : [ 2023, 2, 8, 21, 19 ]
    }, {
      "satelliteId" : "Satellite_5",
      "stationId" : "Station_16",
      "start" : [ 2023, 2, 8, 11, 9 ],
      "end" : [ 2023, 2, 8, 14, 3 ]
    }, {
      "satelliteId" : "Satellite_5",
      "stationId" : "Station_17",
      "start" : [ 2023, 2, 8, 17, 32 ],
      "end" : [ 2023, 2, 8, 21, 24 ]
    }, {
      "satelliteId" : "Satellite_5",
      "stationId" : "Station_20",
      "start" : [ 2023, 2, 8, 10, 35 ],
      "end" : [ 2023, 2, 8, 14, 24 ]
    }, {
      "satelliteId" : "Satellite_5",
      "stationId" : "Station_21",
      "start" : [ 2023, 2, 8, 3, 59 ],
      "end" : [ 2023, 2, 8, 8, 52 ]
    }, {
      "satelliteId" : "Satellite_5",
      "stationId" : "Station_22",
      "start" : [ 2023, 2, 8, 7, 40 ],
      "end" : [ 2023, 2, 8, 12, 11 ]
    }, {
      "satelliteId" : "Satellite_5",
      "stationId" : "Station_23",
      "start" : [ 2023, 2, 8, 1, 55 ],
      "end" : [ 2023, 2, 8, 4, 14 ]
    }, {
      "satelliteId" : "Satellite_5",
      "stationId" : "Station_25",
      "start" : [ 2023, 2, 8, 13, 0 ],
      "end" : [ 2023, 2, 8, 16, 54 ]
    }, {
      "satelliteId" : "Satellite_5",
      "stationId" : "Station_27",
      "start" : [ 2023, 2, 8, 12, 4 ],
      "end" : [ 2023, 2, 8, 14, 42 ]
    }, {
      "satelliteId" : "Satellite_5",
      "stationId" : "Station_28",
      "start" : [ 2023, 2, 8, 11, 16 ],
      "end" : [ 2023, 2, 8, 14, 39 ]
    }, {
      "satelliteId" : "Satellite_5",
      "stationId" : "Station_29",
      "start" : [ 2023, 2, 8, 17, 17 ],
      "end" : [ 2023, 2, 8, 19, 59 ]
    }, {
      "satelliteId" : "Satellite_5",
      "stationId" : "Station_30",
      "start" : [ 2023, 2, 8, 16, 56 ],
      "end" : [ 2023, 2, 8, 21, 25 ]
    } ]
  }, {
    "id" : "Satellite_6",
    "nbTransmissionChannels" : 6,
    "files" : [ {
      "id" : "File_24",
      "size" : 136,
      "releaseDateTime" : [ 2023, 2, 8, 20, 45 ],
      "predecessors" : [ ]
    }, {
      "id" : "File_25",
      "size" : 45,
      "releaseDateTime" : [ 2023, 2, 8, 15, 44 ],
      "predecessors" : [ ]
    }, {
      "id" : "File_26",
      "size" : 104,
      "releaseDateTime" : [ 2023, 2, 8, 6, 4 ],
      "predecessors" : [ ]
    }, {
      "id" : "File_27",
      "size" : 168,
      "releaseDateTime" : [ 2023, 2, 8, 2, 35 ],
      "predecessors" : [ ]
    } ],
    "transmissionWindows" : [ {
      "satelliteId" : "Satellite_6",
      "stationId" : "Station_1",
      "start" : [ 2023, 2, 8, 22, 18 ],
      "end" : [ 2023, 2, 9, 1, 6 ]
    }, {
      "satelliteId" : "Satellite_6",
      "stationId" : "Station_2",
      "start" : [ 2023, 2, 8, 11, 45 ],
      "end" : [ 2023, 2, 8, 15, 1 ]
    }, {
      "satelliteId" : "Satellite_6",
      "stationId" : "Station_3",
      "start" : [ 2023, 2, 8, 9, 54 ],
      "end" : [ 2023, 2, 8, 14, 6 ]
    }, {
      "satelliteId" : "Satellite_6",
      "stationId" : "Station_4",
      "start" : [ 2023, 2, 8, 5, 42 ],
      "end" : [ 2023, 2, 8, 9, 30 ]
    }, {
      "satelliteId" : "Satellite_6",
      "stationId" : "Station_5",
      "start" : [ 2023, 2, 8, 17, 59 ],
      "end" : [ 2023, 2, 8, 21, 44 ]
    }, {
      "satelliteId" : "Satellite_6",
      "stationId" : "Station_6",
      "start" : [ 2023, 2, 8, 13, 51 ],
      "end" : [ 2023, 2, 8, 17, 8 ]
    }, {
      "satelliteId" : "Satellite_6",
      "stationId" : "Station_9",
      "start" : [ 2023, 2, 8, 22, 37 ],
      "end" : [ 2023, 2, 9, 1, 37 ]
    }, {
      "satelliteId" : "Satellite_6",
      "stationId" : "Station_10",
      "start" : [ 2023, 2, 8, 19, 47 ],
      "end" : [ 2023, 2, 9, 0, 40 ]
    }, {
      "satelliteId" : "Satellite_6",
      "stationId" : "Station_11",
      "start" : [ 2023, 2, 8, 8, 20 ],
      "end" : [ 2023, 2, 8, 12, 53 ]
    }, {
      "satelliteId" : "Satellite_6",
      "stationId" : "Station_12",
      "start" : [ 2023, 2, 8, 15, 16 ],
      "end" : [ 2023, 2, 8, 17, 30 ]
    }, {
      "satelliteId" : "Satellite_6",
      "stationId" : "Station_13",
      "start" : [ 2023, 2, 8, 10, 23 ],
      "end" : [ 2023, 2, 8, 13, 44 ]
    }, {
      "satelliteId" : "Satellite_6",
      "stationId" : "Station_14",
      "start" : [ 2023, 2, 8, 0, 10 ],
      "end" : [ 2023, 2, 8, 3, 39 ]
    }, {
      "satelliteId" : "Satellite_6",
      "stationId" : "Station_15",
      "start" : [ 2023, 2, 8, 23, 13 ],
      "end" : [ 2023, 2, 9, 1, 48 ]
    }, {
      "satelliteId" : "Satellite_6",
      "stationId" : "Station_16",
      "start" : [ 2023, 2, 8, 10, 36 ],
      "end" : [ 2023, 2, 8, 15, 21 ]
    }, {
      "satelliteId" : "Satellite_6",
      "stationId" : "Station_17",
      "start" : [ 2023, 2, 8, 19, 48 ],
      "end" : [ 2023, 2, 8, 22, 20 ]
    }, {
      "satelliteId" : "Satellite_6",
      "stationId" : "Station_18",
      "start" : [ 2023, 2, 8, 6, 50 ],
      "end" : [ 2023, 2, 8, 10, 47 ]
    }, {
      "satelliteId" : "Satellite_6",
      "stationId" : "Station_19",
      "start" : [ 2023, 2, 8, 16, 53 ],
      "end" : [ 2023, 2, 8, 19, 26 ]
    }, {
      "satelliteId" : "Satellite_6",
      "stationId" : "Station_20",
      "start" : [ 2023, 2, 8, 13, 29 ],
      "end" : [ 2023, 2, 8, 17, 20 ]
    }, {
      "satelliteId" : "Satellite_6",
      "stationId" : "Station_21",
      "start" : [ 2023, 2, 8, 1, 35 ],
      "end" : [ 2023, 2, 8, 6, 13 ]
    }, {
      "satelliteId" : "Satellite_6",
      "stationId" : "Station_22",
      "start" : [ 2023, 2, 8, 7, 24 ],
      "end" : [ 2023, 2, 8, 10, 52 ]
    }, {
      "satelliteId" : "Satellite_6",
      "stationId" : "Station_25",
      "start" : [ 2023, 2, 8, 21, 38 ],
      "end" : [ 2023, 2, 9, 2, 36 ]
    }, {
      "satelliteId" : "Satellite_6",
      "stationId" : "Station_26",
      "start" : [ 2023, 2, 8, 16, 11 ],
      "end" : [ 2023, 2, 8, 19, 44 ]
    }, {
      "satelliteId" : "Satellite_6",
      "stationId" : "Station_28",
      "start" : [ 2023, 2, 8, 6, 56 ],
      "end" : [ 2023, 2, 8, 9, 6 ]
    } ]
  } ]
}